choice,gamma,lambda
return_seeking,0.0,0.002778990988746275
risk_targeted,38.0,0.005179474679231213
