choice,gamma,lambda
return_seeking,0.0,0.010358949358462426
risk_targeted,50.0,0.019306977288832496
