choice,gamma,lambda
return_seeking,0.0,0.0007455187440629876
risk_targeted,30.0,0.019306977288832496
