choice,gamma,lambda
return_seeking,1.0,0.10177892394038365
risk_targeted,100.0,0.0019650433729987995
