choice,gamma,lambda
return_seeking,0.0,0.009653488644416248
risk_targeted,20.0,0.019306977288832496
