choice,gamma,lambda
return_seeking,16.0,0.0007455187440629876
risk_targeted,40.0,0.0009825216864993997
