choice,gamma,lambda
return_seeking,3.0,0.005179474679231213
risk_targeted,20.0,0.019306977288832496
